{"cameraMode":{"drawMode":0,"name":"Shaded","section":"Shading Mode"},"sceneLighting":true,"audioPlay":false,"sceneViewState":{"m_AlwaysRefresh":false,"showFog":true,"showSkybox":true,"showFlares":true,"showImageEffects":true,"showParticleSystems":true,"showVisualEffectGraphs":true,"m_FxEnabled":true},"in2DMode":false,"pivot":{"x":18.590299606323243,"y":31.43315887451172,"z":-9.334982872009278},"rotation":{"x":0.014717954210937024,"y":0.17254307866096497,"z":0.0028901901096105577,"w":-0.9851509928703308},"size":20.97007942199707,"orthographic":false}