{"cameraMode":{"drawMode":0,"name":"Shaded","section":"Shading Mode"},"sceneLighting":true,"audioPlay":false,"sceneViewState":{"m_AlwaysRefresh":false,"showFog":true,"showSkybox":true,"showFlares":true,"showImageEffects":true,"showParticleSystems":true,"showVisualEffectGraphs":true,"m_FxEnabled":true},"in2DMode":false,"pivot":{"x":-0.5753164887428284,"y":-24.640392303466798,"z":-4.081897258758545},"rotation":{"x":0.46952876448631289,"y":0.5279871225357056,"z":-0.46367332339286806,"w":0.5347115993499756},"size":16.458555221557618,"orthographic":false}